{
  "heuristic_loose": {
    "success_rate": 1.0,
    "collision_rate": 0.0,
    "avg_completion_time": 2.6000000000000005,
    "avg_final_distance": 1.8029202108740232,
    "std_final_distance": 0.0,
    "avg_computation_time": 0.00020198822021484376
  },
  "optimized_loose": {
    "success_rate": 0.0,
    "collision_rate": 1.0,
    "avg_completion_time": 0.0,
    "avg_final_distance": 1.1714871735553365,
    "std_final_distance": 0.0,
    "avg_computation_time": 0.00017220973968505858
  },
  "heuristic_tight": {
    "success_rate": 0.0,
    "collision_rate": 1.0,
    "avg_completion_time": 0.0,
    "avg_final_distance": 1.148359213763349,
    "std_final_distance": 2.220446049250313e-16,
    "avg_computation_time": 0.00010242462158203126
  },
  "optimized_tight": {
    "success_rate": 0.0,
    "collision_rate": 1.0,
    "avg_completion_time": 0.0,
    "avg_final_distance": 0.18358467784371674,
    "std_final_distance": 0.0,
    "avg_computation_time": 0.7209171772003173
  }
}