{
  "Baseline": {
    "avg_reward": -76.87671644898734,
    "std_reward": 1.4210854715202004e-14,
    "avg_steps": 53.0,
    "std_steps": 0.0,
    "success_rate": 1.0,
    "rewards": [
      -76.87671644898735,
      -76.87671644898735,
      -76.87671644898735,
      -76.87671644898735,
      -76.87671644898735,
      -76.87671644898735,
      -76.87671644898735,
      -76.87671644898735,
      -76.87671644898735,
      -76.87671644898735,
      -76.87671644898735,
      -76.87671644898735,
      -76.87671644898735,
      -76.87671644898735,
      -76.87671644898735,
      -76.87671644898735,
      -76.87671644898735,
      -76.87671644898735,
      -76.87671644898735,
      -76.87671644898735
    ],
    "steps": [
      53,
      53,
      53,
      53,
      53,
      53,
      53,
      53,
      53,
      53,
      53,
      53,
      53,
      53,
      53,
      53,
      53,
      53,
      53,
      53
    ],
    "successes": [
      1,
      1,
      1,
      1,
      1,
      1,
      1,
      1,
      1,
      1,
      1,
      1,
      1,
      1,
      1,
      1,
      1,
      1,
      1,
      1
    ]
  },
  "IKD": {
    "avg_reward": -75.11726943417708,
    "std_reward": 2.842170943040401e-14,
    "avg_steps": 51.0,
    "std_steps": 0.0,
    "success_rate": 1.0,
    "rewards": [
      -75.11726943417705,
      -75.11726943417705,
      -75.11726943417705,
      -75.11726943417705,
      -75.11726943417705,
      -75.11726943417705,
      -75.11726943417705,
      -75.11726943417705,
      -75.11726943417705,
      -75.11726943417705,
      -75.11726943417705,
      -75.11726943417705,
      -75.11726943417705,
      -75.11726943417705,
      -75.11726943417705,
      -75.11726943417705,
      -75.11726943417705,
      -75.11726943417705,
      -75.11726943417705,
      -75.11726943417705
    ],
    "steps": [
      51,
      51,
      51,
      51,
      51,
      51,
      51,
      51,
      51,
      51,
      51,
      51,
      51,
      51,
      51,
      51,
      51,
      51,
      51,
      51
    ],
    "successes": [
      1,
      1,
      1,
      1,
      1,
      1,
      1,
      1,
      1,
      1,
      1,
      1,
      1,
      1,
      1,
      1,
      1,
      1,
      1,
      1
    ]
  }
}